,palabra,frec_abs,frec_norm
41481,aaa,152,0.99
94896,uuuaaaaaaaaaa,35,0.22
117383,aaay,22,0.14
132781,aaahhh,17,0.11
140651,yaaa,16,0.1
140693,aaaa,15,0.09
140694,aaaah,15,0.09
140695,aaah,15,0.09
151811,daaalí,13,0.08
155791,vivaaa,13,0.08
155931,aaaaah,12,0.07
155932,aaayyyyyy,12,0.07
161721,tierraaa,12,0.07
169280,aaaaaaa,10,0.06
169281,aaaaay,10,0.06
169282,aaas,10,0.06
177407,aaaaa,9,0.05
177408,aaaay,9,0.05
187021,aaaaaaaaaaa,8,0.05
195651,raaaca,8,0.05
198177,aaaaaaaaa,7,0.04
205723,laaa,7,0.04
210492,taaa,7,0.04
211869,ziaaang,7,0.04
211921,aaaaahhhhh,6,0.03
211922,aaaahhh,6,0.03
211923,aaayyy,6,0.03
219622,guaaau,6,0.03
224989,raaa,6,0.03
227530,tierraaaa,6,0.03
228173,vaaa,6,0.03
228920,aaaaaah,5,0.03
228921,aaaayy,5,0.03
239642,hnaaa,5,0.03
250506,uuuaaaaaaaa,5,0.03
250507,uuuaaaaaaaaa,5,0.03
251550,aaaaaaaaaaaaaaaaaaaaaaaaaaaaaa,4,0.02
251551,aaaahhhh,4,0.02
267663,jaaa,4,0.02
277640,saraaa,4,0.02
281435,vaaamos,4,0.02
282868,aaaaaaahhhhhh,3,0.01
282869,aaaayyy,3,0.01
282870,aaaayyyy,3,0.01
282871,aaagua,3,0.01
282872,aaahh,3,0.01
284970,amaliaaaa,3,0.01
284971,amaliaaaaa,3,0.01
290165,caantaaare,3,0.01
295364,dabadaaaa,3,0.01
309389,laaaa,3,0.01
309390,laaah,3,0.01
310885,maaaax,3,0.01
311297,mamaaaá,3,0.01
311771,martaaa,3,0.01
314148,naaatural,3,0.01
317665,piedaaaaad,3,0.01
324055,serenaataaa,3,0.01
329066,vaaas,3,0.01
330094,voolaaare,3,0.01
330684,yaaaa,3,0.01
331278,aaaaaa,2,0.01
331279,aaaaaaaaaa,2,0.01
331280,aaaaaaaaaaaaaaaaaaahhhhhh,2,0.01
331281,aaaaaaaah,2,0.01
331282,aaaaaaaggh,2,0.01
331283,aaaaaaah,2,0.01
331284,aaaaaaahhhh,2,0.01
331285,aaaaaaayy,2,0.01
331286,aaaaaahhhhh,2,0.01
331287,aaaaaay,2,0.01
331288,aaaaagh,2,0.01
331289,aaaaahhhh,2,0.01
331290,aaaaayyy,2,0.01
331291,aaaaayyyyy,2,0.01
331292,aaaag,2,0.01
331293,aaaasí,2,0.01
331294,aaacto,2,0.01
331295,aaahhhh,2,0.01
331296,aaal,2,0.01
331297,aaatchís,2,0.01
331298,aaazahar,2,0.01
333894,ajaaa,2,0.01
340337,azaleeeaaaa,2,0.01
340448,baaang,2,0.01
341381,bastaaa,2,0.01
342872,blaaa,2,0.01
343828,braaavooo,2,0.01
344434,buenaaa,2,0.01
354459,daaale,2,0.01
356877,desgraciaaadoooos,2,0.01
366062,extremaduraaa,2,0.01
366841,felicidaaad,2,0.01
368975,fueraaa,2,0.01
368976,fueraaaa,2,0.01
371633,gritaaaar,2,0.01
371738,guaaa,2,0.01
372405,haaaaa,2,0.01
373368,heppaaaaa,2,0.01
376648,informaaaando,2,0.01
378139,isaaa,2,0.01
378503,jaaaa,2,0.01
379413,jugaaar,2,0.01
381278,laaaas,2,0.01
381279,laaasss,2,0.01
381526,laláaaaaaaa,2,0.01
384161,maaaaa,2,0.01
384162,maaaaaaaaaaaaaaaaaaaaaaaaaa,2,0.01
384163,maaax,2,0.01
385078,mamaaaaá,2,0.01
387258,mentiraaaa,2,0.01
390467,naaadie,2,0.01
391537,niaaa,2,0.01
392954,oigaaa,2,0.01
392955,oigaaaa,2,0.01
392956,oigaaaaa,2,0.01
394185,paaadre,2,0.01
401079,pumbaaa,2,0.01
401810,raaaaca,2,0.01
401811,raaannnn,2,0.01
406387,rosaaaa,2,0.01
406437,rositaaa,2,0.01
406920,saaa,2,0.01
413894,taaaeere,2,0.01
415920,tierrraaa,2,0.01
417935,tristaaaaaan,2,0.01
418644,uaaaa,2,0.01
418957,unaaa,2,0.01
419452,uuuaaaa,2,0.01
420533,viaaa,2,0.01
423594,zuaaaas,2,0.01
423749,aaaaaaaaaaaaaaaaaaaa,1,0.0
423750,aaaaaaaaaaaagggggggggggg,1,0.0
423751,aaaaaaaaaaaah,1,0.0
423752,aaaaaaaaaaayy,1,0.0
423753,aaaaaaaaaaayyy,1,0.0
423754,aaaaaaaaaaggggghhhhhhh,1,0.0
423755,aaaaaaaaaah,1,0.0
423756,aaaaaaaaaahhhhggg,1,0.0
423757,aaaaaaaaaahhhhhhhhhh,1,0.0
423758,aaaaaaaaaaquí,1,0.0
423759,aaaaaaaaaay,1,0.0
423760,aaaaaaaaaayyyyyyyyyyyyy,1,0.0
423761,aaaaaaaaahhhhh,1,0.0
423762,aaaaaaaaayyyyyyyyyyyyyyyy,1,0.0
423763,aaaaaaaabbbbbbbbbbbbbb,1,0.0
423764,aaaaaaaahhh,1,0.0
423765,aaaaaaaahhhh,1,0.0
423766,aaaaaaaayy,1,0.0
423767,aaaaaaai,1,0.0
423768,aaaaaaay,1,0.0
423769,aaaaaaayyyyyyyyyyyy,1,0.0
423770,aaaaaahg,1,0.0
423771,aaaaaahh,1,0.0
423772,aaaaaahhhhhh,1,0.0
423773,aaaaaahhhhhhhh,1,0.0
423774,aaaaaahí,1,0.0
423775,aaaaaalto,1,0.0
423776,aaaaaasco,1,0.0
423777,aaaaaaspiración,1,0.0
423778,aaaaaave,1,0.0
423779,aaaaaayy,1,0.0
423780,aaaaaayyyyyy,1,0.0
423781,aaaaaayyyyyyyyy,1,0.0
423782,aaaaacaaaá,1,0.0
423783,aaaaaéééééé,1,0.0
423784,aaaaaeeeeeeeé,1,0.0
423785,aaaaag,1,0.0
423786,aaaaaggggg,1,0.0
423788,aaaaahhh,1,0.0
423789,aaaaalih,1,0.0
423790,aaaaalto,1,0.0
423791,aaaaasí,1,0.0
423792,aaaaayyyiiiiiiiyyyaaaaaaaaa,1,0.0
423793,aaaacccááaaaaaa,1,0.0
423794,aaaademás,1,0.0
423795,aaaaggg,1,0.0
423796,aaaahhhgg,1,0.0
423797,aaaammmm,1,0.0
423798,aaaañooos,1,0.0
423799,aaaargh,1,0.0
423800,aaacaaaááá,1,0.0
423801,aaacaaaaááááá,1,0.0
423802,aaaccaaaaáá,1,0.0
423803,aaaccdc,1,0.0
423804,aaacddd,1,0.0
423805,aaag,1,0.0
423806,aaaggg,1,0.0
423807,aaahí,1,0.0
423808,aaaj,1,0.0
423809,aaajá,1,0.0
423810,aaamalia,1,0.0
423811,aaao,1,0.0
423812,aaaquel,1,0.0
423813,aaar,1,0.0
423814,aaarp,1,0.0
423815,aaashhiihshiiissss,1,0.0
423816,aaatención,1,0.0
423817,aaau,1,0.0
423818,aaayy,1,0.0
423819,aaayyyhhaajjaa,1,0.0
423820,aaayyyiii,1,0.0
423822,aacaaaaaá,1,0.0
423823,aacááaaaaaaa,1,0.0
423824,aaccááaaaaa,1,0.0
425366,abueeeeelaaa,1,0.0
425501,acaaaaaaá,1,0.0
425503,acaaaaaaaá,1,0.0
428196,adelaidaaaaaaa,1,0.0
428869,adoradaaaa,1,0.0
430829,agotaaaaaada,1,0.0
431268,aguaaa,1,0.0
432898,alamedaaa,1,0.0
433016,alarmaaa,1,0.0
433381,alcaaaaalde,1,0.0
434568,aliciaaa,1,0.0
434942,allaaaá,1,0.0
435776,alteaaaa,1,0.0
436332,amaliaaaaaa,1,0.0
436333,amaliaaaaaaa,1,0.0
437027,américaaaa,1,0.0
438009,anaaaaaa,1,0.0
438598,andáaaaa,1,0.0
451308,augaaauucggc,1,0.0
454637,ayuudaaaaaa,1,0.0
454647,azaaleaaa,1,0.0
454685,azaleeeeaaa,1,0.0
455105,baaaa,1,0.0
455106,baaaaaa,1,0.0
455107,baaah,1,0.0
455684,bagraaaaaaaaaam,1,0.0
457308,barbaridaaaaaaad,1,0.0
458342,bastaaaaaaaa,1,0.0
464130,blpppaaaa,1,0.0
466656,braaaaaava,1,0.0
468464,buaaa,1,0.0
468465,buaaaa,1,0.0
468466,buaaaaaah,1,0.0
470101,caaaaaaaabezas,1,0.0
470102,caaaaaalientes,1,0.0
470103,caaaadena,1,0.0
470104,caaaasas,1,0.0
470105,caaadena,1,0.0
470106,caaam,1,0.0
470107,caaanta,1,0.0
470108,caaantaaar,1,0.0
470109,caaaroool,1,0.0
470110,caaasas,1,0.0
470135,cabaaallaaas,1,0.0
470136,cabaaallas,1,0.0
470163,caballaaaaas,1,0.0
472093,callaaaaaarse,1,0.0
472428,camaaa,1,0.0
472579,cambiaaar,1,0.0
472600,cambiarlaaa,1,0.0
472746,camillaaa,1,0.0
472872,campaaaña,1,0.0
473114,cañaaaa,1,0.0
473115,canaaaal,1,0.0
473820,cantaaando,1,0.0
473874,cantaraaa,1,0.0
475699,carnaaaal,1,0.0
476344,casaaa,1,0.0
476345,casaaaaajh,1,0.0
477137,catalinaaaa,1,0.0
477834,cavernícoolaaaaaaaa,1,0.0
478770,celosaaaaa,1,0.0
480024,chaaaaaan,1,0.0
480025,chaaatiiinaaa,1,0.0
480026,chaaaval,1,0.0
481295,charrotaaaaa,1,0.0
481296,charrotaaaaaah,1,0.0
483578,choperaaa,1,0.0
484147,chundaraaaa,1,0.0
486078,ciudaaaaaaaaad,1,0.0
486196,claaaaro,1,0.0
487508,coberturaaa,1,0.0
487666,cochinaaaazo,1,0.0
488823,colgaaaadas,1,0.0
489921,comisaaario,1,0.0
490203,compañíaaa,1,0.0
490946,coñaaaaaa,1,0.0
493914,contraaanálisis,1,0.0
499248,cuaaaatrooo,1,0.0
500296,cuidaaaadoooo,1,0.0
502400,daaaaaaaaaaaaaaaaaa,1,0.0
502401,daaaaaahh,1,0.0
502402,daaali,1,0.0
505231,dejáaaaalo,1,0.0
506887,derechaaaa,1,0.0
508330,descaaanseen,1,0.0
510650,desgraaaaaaciaaaadoooos,1,0.0
510651,desgraaaaciaaadooos,1,0.0
510652,desgraaaciaaadooos,1,0.0
510653,desgraciaaaaaaadoooos,1,0.0
510654,desgraciaaaaaadoooooos,1,0.0
510655,desgraciaaaadooooos,1,0.0
510656,desgraciaaaadoooos,1,0.0
510657,desgraciaaadooooo,1,0.0
515710,digaaa,1,0.0
515918,diiiinaaa,1,0.0
515919,diiisparaaar,1,0.0
517198,disfrutaaaar,1,0.0
517811,distraaaaaaigan,1,0.0
517812,distraaaaaigas,1,0.0
521427,eaaaaa,1,0.0
521438,eaeaeaeaaaaapepe,1,0.0
522621,eeeppaaaa,1,0.0
522622,eeeraaa,1,0.0
526267,empleaaaaaaarrr,1,0.0
526818,encaaaanto,1,0.0
527242,encarnaaaa,1,0.0
527650,enciérrenlaaaaa,1,0.0
528756,enfermeraaa,1,0.0
528757,enfermeraaaaaaaaaas,1,0.0
531201,entraaamos,1,0.0
534453,escoriaaaaa,1,0.0
535349,españaaa,1,0.0
535350,españaaaaa,1,0.0
536494,éstaaaa,1,0.0
536495,estaaaaado,1,0.0
536497,estaaaba,1,0.0
538082,etéreaaa,1,0.0
540568,expiraaaar,1,0.0
541840,faaaa,1,0.0
541841,faaaaltaaaaaa,1,0.0
542747,fanaaaticos,1,0.0
542883,fantasíaaa,1,0.0
545519,fieraaa,1,0.0
546126,finaaaa,1,0.0
550250,fresquitaaaas,1,0.0
550829,frustradaaa,1,0.0
550928,fuaaaaaaa,1,0.0
551970,gaaaaanarrr,1,0.0
552298,gaitanaaa,1,0.0
553412,gargaaaannnta,1,0.0
553413,gargaanntaaa,1,0.0
553642,garrorenaaaaaa,1,0.0
554705,generaaal,1,0.0
555756,gggrrraaannn,1,0.0
555768,ghaaaaaaaairm,1,0.0
558761,gozaaaar,1,0.0
558809,graaande,1,0.0
559956,griitaaa,1,0.0
560551,guaaaa,1,0.0
560552,guaaaaa,1,0.0
560553,guaaaaaaauj,1,0.0
560554,guaaac,1,0.0
562771,haaaaarta,1,0.0
562772,haaaarta,1,0.0
562773,haaabíiiia,1,0.0
562774,haaaiioouuu,1,0.0
562775,haaala,1,0.0
562961,habláaaabamos,1,0.0
562962,hablaaadaaa,1,0.0
567450,hijaaaa,1,0.0
567500,hijueputaaa,1,0.0
568922,historiaaaa,1,0.0
569400,holaaa,1,0.0
569401,holaaaa,1,0.0
572315,iaaaaa,1,0.0
573385,ignoraaante,1,0.0
573539,iiiiiiiiiiiiiiiiiiiiaaaaay,1,0.0
582228,isoldaaaaaa,1,0.0
583117,jaaaaaque,1,0.0
583118,jaaamee,1,0.0
583119,jaaavierrr,1,0.0
583181,jacaaa,1,0.0
584895,jiiaaa,1,0.0
585911,juaaaaaaa,1,0.0
585912,juaaaaan,1,0.0
585925,juanaaaaaa,1,0.0
586194,juergaaa,1,0.0
586221,jugaaaaaar,1,0.0
586222,jugaaaaar,1,0.0
586223,jugaaaar,1,0.0
588088,kasturaaa,1,0.0
593069,laaaaaargos,1,0.0
593070,laaaaarga,1,0.0
593071,laaaargas,1,0.0
593072,laaaargo,1,0.0
593074,laaarga,1,0.0
593075,laaav,1,0.0
593984,laláaaa,1,0.0
593985,laláaaaa,1,0.0
595597,lauraaaa,1,0.0
597360,letaaaargo,1,0.0
599749,llaaamaba,1,0.0
600005,llegaaar,1,0.0
600581,locaaaá,1,0.0
600582,locaaaaaaa,1,0.0
600979,lolaaa,1,0.0
602395,lunaaa,1,0.0
603039,maaaa,1,0.0
603040,maaaaaaaaaaaaaa,1,0.0
603041,maaaaaaaaaaaaaaaaaaaaaaaaaaate,1,0.0
603042,maaaaaaaaaaaax,1,0.0
603043,maaaaaaaaaaax,1,0.0
603044,maaaaaaaaaax,1,0.0
603045,maaaaaaaaax,1,0.0
603046,maaaaaaaax,1,0.0
603047,maaaaaaax,1,0.0
603048,maaaaaaaximo,1,0.0
603049,máaaaaamá,1,0.0
603050,maaaaaax,1,0.0
603051,maaaaax,1,0.0
603052,maaaadre,1,0.0
603053,máaaas,1,0.0
603054,maaames,1,0.0
603055,maaano,1,0.0
603056,maaarceellooooooooo,1,0.0
603057,maaarcial,1,0.0
603058,maaarcooos,1,0.0
603067,maamáaaaa,1,0.0
603069,maammáaaa,1,0.0
603300,macetaaaas,1,0.0
604967,majaaa,1,0.0
606092,mamáaaa,1,0.0
606093,mamaaaaaá,1,0.0
608305,marianaaa,1,0.0
608439,marihuanaaa,1,0.0
608440,marihuanaaaaa,1,0.0
608858,marquesaaaa,1,0.0
608887,marraaanos,1,0.0
609900,mataaaaar,1,0.0
611682,mediaaa,1,0.0
614139,mesalinaaaa,1,0.0
615206,mezcaaal,1,0.0
616192,mierdaaaaa,1,0.0
617668,miraaa,1,0.0
617669,miraaaaaa,1,0.0
618016,miseraaablemente,1,0.0
622446,muchaaacho,1,0.0
624448,mxaaa,1,0.0
624655,naaa,1,0.0
624656,naaaaddaaa,1,0.0
624657,naaaadieeee,1,0.0
624658,náaaahuac,1,0.0
624659,ñaaaghhí,1,0.0
624660,naaah,1,0.0
624661,naaaturales,1,0.0
624883,nadaaa,1,0.0
626233,navidaaaad,1,0.0
629318,nnnnnoommmáaaassss,1,0.0
629979,normalitaaa,1,0.0
631605,obiaaaaaaaaaahh,1,0.0
631606,obiaaaaah,1,0.0
634516,ooigaaa,1,0.0
634531,ooobillaaah,1,0.0
634538,oooobiaaaaaah,1,0.0
634548,oooooobiaaaaa,1,0.0
634558,oooooooobiiillaaahh,1,0.0
634574,oooubiaaahh,1,0.0
637532,paaaasas,1,0.0
637533,paaar,1,0.0
639387,panochotaaaa,1,0.0
639631,papaaaa,1,0.0
639632,papáaaa,1,0.0
639634,papaaaaaaaaaaaaá,1,0.0
641038,parraaandaa,1,0.0
641207,partidaaaaaaaaaaaa,1,0.0
641322,pasaaaa,1,0.0
641323,pasaaado,1,0.0
642133,patriaaaaa,1,0.0
642147,patriciaaaaa,1,0.0
642593,pazzzaaarrrdíaaa,1,0.0
642699,pecaaaado,1,0.0
643161,peeentteeesssiiillleeeeaaaaaaa,1,0.0
644014,peniaaaaa,1,0.0
644637,perdíaaa,1,0.0
645858,personaaaaa,1,0.0
646040,peruaaaaaano,1,0.0
648107,piiñaaa,1,0.0
648155,pilaaar,1,0.0
653093,porreraaaaaa,1,0.0
653127,portaaaviones,1,0.0
655222,precintaaaaaaaaa,1,0.0
657419,prisaaaaa,1,0.0
660758,puaaak,1,0.0
661929,putaaaaa,1,0.0
663333,quieraaaaaas,1,0.0
664149,raaaaaca,1,0.0
664150,raaaaannnn,1,0.0
664151,raaaaj,1,0.0
664152,raaaas,1,0.0
664153,raaaayo,1,0.0
664154,raaasssssss,1,0.0
669811,refrescaaaaaa,1,0.0
677166,roaaaaar,1,0.0
677365,rocaaa,1,0.0
678384,rooaaaar,1,0.0
678394,roooaaaar,1,0.0
678420,ropaviejaaaa,1,0.0
678472,rosaaaaaa,1,0.0
678791,rotaaaaa,1,0.0
679202,rraaaa,1,0.0
679203,rraaatttatarrrat,1,0.0
680356,saaartreee,1,0.0
680480,sabíaaa,1,0.0
680481,sabíaaaa,1,0.0
681935,saltaaaar,1,0.0
685273,schwaaaaaarzer,1,0.0
688041,señoraaa,1,0.0
688042,señoraaaaa,1,0.0
688043,señoraaaaaa,1,0.0
690312,shiaaaaa,1,0.0
695132,sogaaa,1,0.0
695358,soldaaaaar,1,0.0
704075,taaaaaaaaaa,1,0.0
704076,taaaaaaaan,1,0.0
704077,taaaanta,1,0.0
704078,taaaanto,1,0.0
704079,taaan,1,0.0
704080,taaardes,1,0.0
709592,tetaaa,1,0.0
710732,tieeerraaa,1,0.0
710811,tierraaaaa,1,0.0
710812,tierraaaaaa,1,0.0
711517,tiraaadas,1,0.0
712698,tomaaa,1,0.0
713108,tooontaaa,1,0.0
715105,transformaaarlo,1,0.0
718367,tttaaaaartamudeo,1,0.0
719718,uaaaaa,1,0.0
719719,uaaagh,1,0.0
719720,uaaah,1,0.0
719950,ucuaaac,1,0.0
722619,uuuaaa,1,0.0
722621,uuuawaaaa,1,0.0
722626,uuullaalaaaaaaa,1,0.0
722641,uuuuuaaaaaa,1,0.0
722642,uuuuuaaaahhh,1,0.0
722645,uuuuuuaaaefh,1,0.0
722765,vaaaaa,1,0.0
722766,vaaaaaaaaaaaaaaaaaaa,1,0.0
722767,vaaaaaas,1,0.0
725235,vengaaa,1,0.0
725597,verdáaaa,1,0.0
725795,verguenzaaa,1,0.0
726835,vidaaaaallllllll,1,0.0
727886,vingaaa,1,0.0
728477,vistaaaa,1,0.0
728478,vistaaaaaa,1,0.0
728479,vistaaaaaaa,1,0.0
728745,vivaaan,1,0.0
728746,vivaaannn,1,0.0
729188,volaaaare,1,0.0
729594,vooolaaar,1,0.0
729892,vueltaaaa,1,0.0
730072,waaammm,1,0.0
731334,whaaaaatttt,1,0.0
733414,yaaaaa,1,0.0
733415,yaaaaaaa,1,0.0
735335,yyyaaa,1,0.0
735342,zaaaaaassssssss,1,0.0
735343,zaaasss,1,0.0
736058,zaragozaaa,1,0.0
736701,ziaaaang,1,0.0
